<?xml version="1.0" encoding="UTF-8"?>
<project-private xmlns="http://www.netbeans.org/ns/project-private/1">
    <editor-bookmarks xmlns="http://www.netbeans.org/ns/editor-bookmarks/2" lastBookmarkId="0"/>
    <open-files xmlns="http://www.netbeans.org/ns/projectui-open-files/2">
        <group>
            <file>file:/C:/Users/User/Desktop/QLHS-master/QLHS-master/QL_HOCSINH/src/ql_hocsinh/MainTheme.java</file>
            <file>file:/C:/Users/User/Desktop/QLHS-master/QLHS-master/QL_HOCSINH/src/ql_hocsinh/TNHS.java</file>
            <file>file:/C:/Users/User/Desktop/QLHS-master/QLHS-master/QL_HOCSINH/src/ql_hocsinh/K12.java</file>
            <file>file:/C:/Users/User/Desktop/QLHS-master/QLHS-master/QL_HOCSINH/src/ql_hocsinh/K11.java</file>
            <file>file:/C:/Users/User/Desktop/QLHS-master/QLHS-master/QL_HOCSINH/src/ql_hocsinh/LDSL.java</file>
            <file>file:/C:/Users/User/Desktop/QLHS-master/QLHS-master/QL_HOCSINH/src/ql_hocsinh/K10.java</file>
            <file>file:/C:/Users/User/Desktop/QLHS-master/QLHS-master/QL_HOCSINH/src/ql_hocsinh/CC.java</file>
        </group>
    </open-files>
</project-private>
